x,y,vars,range,sill,smooth,major_range,minor_range,azimuth
114961.67728724051,601577.9447546313,0.8472922421436376,81268.79479515576,0.8982391284486397,1.1850618343676658,60777.823238238,87774.45272982326,114.13811
-888233.8299517217,774443.8416852946,0.25068803741190454,144587.94068957472,0.31931980110576264,1.5,157844.07282464605,198161.55025630674,-99.70863
-2012068.7780602663,827438.9847183647,1.0942834936669095,38223.9128552572,1.122744634265146,0.5,32484.70532232345,26148.786443393117,-35.273907
2558846.5723246075,-272667.26516183186,0.9914530162227755,249999.99999993652,1.1852026363334596,0.5,135488.23952398362,249999.99999999997,24.746983
-35432.05071891891,613132.9240135858,0.7751206856948331,73286.37632316412,0.740490439422601,0.7881925593171816,39821.14417335441,102817.82481336541,125.999214
-513498.64391170815,1135921.023969884,1.3196317902838983,61999.92290665486,1.3858046552395196,1.5,61984.57754812556,73870.60365947787,-153.59663
593488.7851962023,-1720931.8783960443,1.4974186798457705,113192.22291122658,1.5773129883177377,0.5,249999.99999999863,99008.9758388013,-91.1043
2042010.7283914583,-975878.8155648545,0.5135962366287086,54306.441522132445,0.4816427082053989,0.7696153142603996,41397.192312241445,61502.793424255324,-32.696964
1383713.2005217215,534302.7769642486,1.5098872107687666,69463.19776407222,1.5666535486931825,0.5611752424103288,249999.9999999998,55793.76849749731,-13.477561
262700.8389304774,284937.03027777746,1.1202006662018305,101162.5330083678,1.2130373413841051,1.5,105685.55011206161,104988.64054470137,158.08261
2185097.7382428683,-1234068.5502617122,0.643595260400376,79470.54750217297,0.7181243196224624,0.5278529779270771,83775.29372746762,47246.56936211653,-97.198906
-1344130.8371759139,-77555.33496249793,1.3800350565000694,72370.84023191323,1.3843361237616987,0.5371924637707096,73879.68074050747,98459.76607372893,162.75685
1678086.2895637415,-1333379.3111933097,1.0043940764246404,75586.93245757716,1.0826125208447044,0.6621762270147805,33942.298037620945,132520.56932083555,-55.41478
1387485.237035066,371714.2976232148,1.352821551816392,73641.5390220498,1.5263450735906048,0.5,81640.87743949608,68926.88194869191,52.315315
2327440.0305930637,419690.1218542713,0.2694072750718699,68887.69938977076,0.27175192687090366,0.5,81122.37410184405,64145.56658102569,-35.778545
-1812739.3995269844,-424780.97717219405,0.3727288801689733,59858.4761368529,0.3890152349817349,0.5,12361.984330094876,125971.11202901303,-67.35743
1070713.84310491,-1407806.616439448,0.43022464429850477,173032.135673825,0.46438628843479685,0.5,249999.99999999232,69612.74309772307,-113.34981
87498.5909400247,174503.8294514129,0.5968035236920788,222648.6642544006,0.728898471478135,0.5,249999.99999998117,107913.00181804808,142.23232
1667800.6858239938,1099249.2956979014,1.2360278866005554,164358.29180146268,1.4376447745046272,0.5,24407.43094941338,73425.37297735085,-76.755516
-378455.2282843152,1140006.5961274942,1.7344079225270161,58549.49411344556,1.739509517842649,1.5,47954.61952634976,189837.2053233934,-126.73481
211090.1827697968,1209238.566906088,0.46004727914582816,249999.99999999997,0.5960342109563761,1.10987573468301,249999.99999999997,249999.99999932054,-172.37524
1571170.1044503544,-1240997.181321535,0.986806898285483,58185.7707580493,1.017366105019007,1.5,27157.50038762863,151001.20172820459,-69.04933
2039225.6951591214,-1286481.6518895389,0.567045064846328,38011.93620468377,0.5759667065915125,1.0357994874470486,28992.605999951662,34925.80982721225,-8.926214
-231827.1747380579,1860.7070645643398,0.8827822483687912,130005.6520443336,0.8314448456526314,0.5,100325.61098271889,171450.27848597855,154.21506
-319376.05689849984,468198.4602121101,1.2919605264248235,48748.633400526705,1.323393269963292,1.5,44402.54466937213,49410.52232933546,-143.93617
-609069.5029085814,1289966.652827816,0.9292585155217589,105583.29315131021,0.9530799010003096,0.6028310457922171,45407.43848572735,249999.99999999706,-165.55606
1831694.3149443865,-622839.8725895188,1.2190909349198031,145371.47659352943,1.403411694253281,0.5928214652257808,186607.7693882699,49821.78373421197,-36.93662
1536234.9635611102,361084.10692695156,1.3354032246126533,119351.03385631475,1.4986662130687265,0.5,140784.3863344688,75795.955317996,108.38039
65178.748805545736,1359539.9844952328,0.5378659683446265,249999.9999999965,0.5993891743893331,0.5,129329.37719164568,249999.99999999997,-156.09671
925201.4220733298,455640.40983587876,1.1068898049073932,37256.14974606347,1.1120045744582332,0.5696409601231293,27754.48224529561,39929.26789446742,60.14529
788595.0088717886,295753.86845201626,1.005413435425686,42616.411346061985,1.022204726701268,0.6670867642132554,34591.40827986994,50562.82027461716,154.25494
972874.3574729944,-640391.717981956,0.304047644632062,157426.48150359906,0.30592648354855345,0.78843476576544,113163.15636255496,174493.92926507466,-150.1686
176763.54891891824,2105977.3410064196,1.1488682555714045,101880.70193447567,1.2721532672515652,0.514546188417754,73220.70492406478,174327.03692218292,105.70463
-240448.9218598283,959104.9696369227,1.9847033342979081,65851.85362350247,2.13142841116909,1.5,122707.7012211551,49225.29978635293,-174.27147
2162485.152217728,391658.31849622773,0.2825541033965255,68587.27986368201,0.297703201476901,0.5,64766.3421952045,56445.16104478914,46.143913
-689720.1968169664,-5337.56597545417,1.4003922102098505,194726.76308992895,1.5406902803969613,0.5,249999.99999999997,249999.999999999,-143.05995
638714.5061350628,1660410.2999998294,0.8828772221009308,94578.0300534023,0.9042377181221425,0.5,82077.79707156582,57901.98050725293,72.79648
1706048.6301614083,-654037.7360218433,0.8969778739906712,249999.99999999997,1.0233269050908098,0.5809830733683549,109900.73159345493,249999.99999999718,-10.91204
1280496.7241105968,-1922157.6232903923,1.029021126786124,85708.47013886123,1.0826952666653646,0.8851372642320343,249999.99999999997,71901.58333971087,-71.58236
772449.6864274153,-1678446.8823948742,1.041810717071792,34996.36818877111,1.0243416972716626,0.615830649309254,28031.589452321423,80949.1737863998,115.98968
599031.7914837888,-915261.5225116354,0.9353217792098113,42011.468561413014,0.9571071254540593,1.5,28707.186500232558,52064.66382211847,-177.96617
2296255.2315562395,-133053.24946651235,0.5807523196112666,249999.99999999997,0.530522183947855,0.5,41296.422809541764,249999.99999999997,30.138575
1496720.3192067798,-1368379.5859940515,1.3922307538734102,67500.66468683117,1.3473291526885343,1.3206985253441936,249999.99999999997,47238.495701073734,-102.59084
1536805.4410010464,-24383.670699457638,0.6340736702971779,207785.12670173837,0.8063425484278348,0.5,249999.99999999997,141902.73840788592,74.829315
928589.1675652033,-24716.504892433528,1.0559626127672141,64343.787745012516,1.1380823412757464,0.5,62880.255275748226,49276.39690197615,-135.93146
-1517608.9512025157,-42058.42745117564,0.9676429639084486,63955.99413279578,0.8887922778131486,1.0925330390056245,71578.0766436344,55473.454007061264,-160.10843
265367.99898866285,1439906.3496978926,0.3015690889674842,35757.091146752966,0.3015735714387993,0.5395375323314516,194233.29577113234,31016.342220140996,-152.85896
-1545524.2742333862,-400708.8860625038,0.5162115925892339,46956.3165011848,0.48047120418278144,0.9050128814276209,53916.663867115094,37551.42563954424,-131.03145
1231272.2032710044,-267938.2084536804,0.7608532792552747,69624.15164169598,0.8077126434970819,1.5,53485.15774018821,249999.9999998347,-107.44455
1650028.7357667917,-869120.6753435796,0.5966031765222181,218740.4626413654,0.7860820301451417,0.7689563684673865,143858.35870283266,187385.56214002296,-26.891468
2183311.2612028215,1117282.8003491936,0.5981430105932825,37762.634681255535,0.6114519067812166,0.5833816165760152,32126.427489133017,249999.99999999953,55.955585
-1044413.5972530209,-358918.8373683677,0.77852742179872,83285.17321495803,0.8055719048649892,0.5,48666.84025262066,97373.62986895733,-81.05403
1499084.0686528021,1699732.7301882235,0.38068284517397966,206167.86340593564,0.43170579230904044,0.5,104695.18247465778,249999.99999999904,135.41104
1305481.915007527,1185879.6702493383,0.5908815280391233,249999.99999999997,0.6705498465477501,0.5,249999.99999999927,249999.99999998885,40.562435
-1766204.0953176343,-224288.75500782765,0.616643646088851,63075.883036182335,0.6556447186812344,1.1020311195180497,249999.99999995372,64961.48123225749,-151.00203
-1146139.9878003974,122982.75181699358,2.0565774060091973,52212.99684269777,2.1705933735517577,0.9842489155928664,48863.25330577098,42685.68276740797,-153.1394
1652948.4640304083,1515203.9683052562,0.7573155510387912,210270.1589117193,0.8400613845974441,0.5,249999.9999999539,213884.5940371115,67.96456
-400465.5988088506,1974923.8082931302,0.575747356308368,113418.62322655208,0.6250254854947036,0.5738094067511638,249999.99999999997,65936.69349126195,-13.541761
1251582.368696102,1659594.2134793317,0.5038567147317978,128838.33547659608,0.5730649934013978,0.5,249999.99999999037,120517.75423678248,-7.639615
-1093453.920382692,-199402.76163381618,1.4049980916497153,125378.41231092167,1.4904012630643513,0.5,94254.0212599877,157909.03002666237,145.4708
1363477.3805242805,1614755.9910916816,0.5507935880289362,180678.64165847475,0.6283452401633125,0.5,90469.40908274338,249999.99999999997,83.6831
752099.1667539864,-1412632.3132347043,0.6534365146275011,139677.5571333617,0.7109470826539508,0.5,43708.40563166124,249999.99999999997,-143.2246
1916810.0147076938,871391.0398268523,1.0387170866492967,85095.78802097114,1.1337291815317299,0.5,63320.86407361966,100329.51184297552,-44.243668
166801.64086146932,1074159.1888102563,0.7148015905638793,91509.97930659038,0.7675528751386379,1.193299855121885,94185.70209331744,80615.54574768058,-167.41325
45567.990426677745,-257755.28791442793,1.2280798231306036,21355.77508871301,1.0105517327550275,1.5,249999.99999999997,15915.987287963637,-58.17359
-61414.389360553585,1481397.2087349743,0.5969704439796624,63425.282383626356,0.5604015008930014,0.5,41900.940749918365,59754.633795911184,-155.73589
-591017.7501619416,-453745.12772936886,0.5869111870078393,249999.99999999997,0.5981272891525642,0.5,249999.99999999837,73649.69980720476,-32.712013
1300857.064304931,604786.1502051535,1.431362088479102,80165.41736973153,1.4835940886969747,0.5,67811.70698297725,67737.16892537683,21.322304
27584.28631764371,1785511.2523344886,1.1497186632634744,75931.34212871193,1.2077387732543372,0.660455205091991,85969.73541164237,58670.470014048115,125.53291
989683.1767932465,-1958489.1912162288,0.9214688516643792,168048.0523010195,0.9705277076568927,0.5,224087.9789050479,249999.99999998277,-24.1305
811736.832117015,1026387.416292307,0.6331419308394094,104291.44051543895,0.6347178405603401,0.5,249999.99999999997,46222.09600996794,-136.46317
-337996.2349722581,295612.8611107636,1.755569056237342,70434.4313625641,1.8616782277206723,0.9545797353493274,249999.99999999997,72495.56187282046,155.41637
1119442.7549006036,1572930.3647655407,0.77467087822558,113894.66446086204,0.8389673073841378,0.5,174630.09896521247,36485.084494766845,172.65125
-703722.1288452325,-534304.7719119322,0.38034100045491953,69831.9994163215,0.37684391789986954,0.5,56691.46952339261,61061.71825806112,-87.88394
692486.9234878113,-1920016.9118966127,1.4572346660849775,85479.70130548257,1.4837996775106126,0.5,41052.188498973235,154512.87525627008,-174.7751
1092973.7524498198,-745480.947728524,0.5951294231022102,249999.99998137346,0.7552805984686016,0.5,213362.04679198176,249999.99999999997,-155.03723
-1598737.01532852,916010.2535314346,1.3629548377599399,53587.06235757816,1.394422588852038,0.5,39671.72013534085,45640.45270732668,79.18754
688931.3922126922,890510.4703668142,0.49809451908386904,130408.62863851794,0.5135660588360957,0.5,249999.9999999676,148925.7876356823,179.91068
1260751.7547701513,718563.9323772457,1.4327537451595735,86921.40567476826,1.5349959529544086,0.5,71242.69288997827,249999.99999996903,-37.22149
1805542.1386763388,278322.0272029191,0.4086200493893255,192174.0893529796,0.4486271600939569,0.5,138496.95503118762,249999.99999999956,88.89023
1062014.9763138257,436212.48003096925,1.2432562442696786,60240.510411621224,1.2341710480028842,0.5,40923.9157304232,64703.33078360922,51.862694
788207.0246416447,-871425.4478888945,0.23598397954322856,143071.29239645557,0.24432139395278213,0.5,249999.9999997114,187105.40484681734,-166.46355
-57653.36907517258,738417.8875622014,1.0634793414378314,83806.29268108793,1.1230347136420513,1.5,59379.53347102559,159598.2751178143,120.5105
-2242517.042416459,1018614.4163730349,1.7187751189816987,61963.87977366367,1.6624362798520553,0.5,48121.251004374135,23257.022562174305,56.75267
439249.66589317564,1298976.5436377013,0.4826694679130503,66005.64477271303,0.5054089852885678,0.8047788666903881,185134.79634380553,37319.115980582326,-152.61972
-290932.2898881184,812861.9645983903,1.980561833674287,62117.65948720247,2.1838080599911156,1.5,48386.499883977966,112822.17115126022,-137.00423
928626.9398594964,-875892.3729286399,0.5067140612483404,103298.45035410262,0.5194245977455881,0.6359455379766429,202499.84367461878,249118.0943471551,-153.99733
1914167.441999347,-522957.6234350796,1.1931153483139159,153868.95369622792,1.4068451831161528,0.5,58193.162851048575,249999.99999999997,-96.448784
1187340.3308390677,-836791.897267927,0.5304043803901752,120135.11832412991,0.5686329357494153,0.5395802593296953,86709.91444837536,148528.44667455324,171.05016
1904118.8069776762,-1508488.5146347606,0.6021513521592451,141328.9735039822,0.6755133992846877,0.5,33904.99842338475,130860.96492046195,-49.151466
1359770.0169280814,1060127.956777866,0.6756186167788852,118372.71566504872,0.7843200625449032,0.5,249999.99999999997,79034.892837274,-38.016026
1782388.1697431598,551472.9060715502,1.1047468752616738,45898.14510839619,1.09738172736161,1.4973602693127142,102890.52155382675,32921.28172266525,-23.132883
2439989.2065773727,-536831.2243596027,1.504777382436925,158322.6849415995,1.6408689465421504,0.5,83348.08763160047,249999.9999999993,33.193
590024.9842057005,-722821.2121740961,0.4812011854337801,76156.72729441739,0.48715876262444735,0.5,79247.89844326217,249999.99999999997,-143.25807
1779104.132699781,-993268.716479254,0.6340970183298559,83013.47431652322,0.6659417955043058,1.100483124002694,68762.47894710259,109197.18371094085,-25.726414
-250873.87592632184,1107892.0795964487,1.7658311161598725,62417.970993942356,1.7571003717616072,1.5,107170.63345816496,48860.2622926844,-174.79724
262279.0047939676,1567348.171782392,0.3569988514082137,47831.596951680694,0.35886488138922923,0.5567122673553164,45715.86097044566,35224.55212920487,-174.79141
1336071.7805016637,-424072.0806399314,0.6479170432600512,71073.62834455488,0.7377087376426609,1.5,45476.030512321944,105123.81046680505,-87.39714
1517269.3569600405,-152359.49564749934,0.687080383897641,66597.7662946977,0.7408177568958186,1.5,74747.70160700206,38485.755175739076,-102.03654
467404.71930055786,996510.5667048385,0.5002378123039712,249999.99999999997,0.6281758341384059,1.2599635760315093,249999.99999989851,249999.99999999936,176.63889
857711.2759103617,-566053.7446491886,0.3696795683196988,201895.44908816175,0.43354996053378325,0.9370931173209036,195515.25598844187,249999.99999999997,-129.42172
-1806622.6230060516,-87342.86779216724,0.577433208878193,81213.31824807262,0.6220193409090028,0.5,36950.07380415161,92543.3450985794,141.74991
-55828.795798778534,1611967.847153142,0.9806368353612288,69169.73274476848,1.0182203439557294,0.5,44304.6258172268,64624.13699830215,-135.7979
181192.12606527563,-470784.7259433409,2.442251770134105,38130.971283715924,2.3265716392888436,1.5,37597.73113577758,30186.90080646248,-122.436134
-1985811.3236571215,936586.4213941246,1.3667359227374785,42632.91837599159,1.3767863031805934,0.5,126115.98956272454,33645.315556802416,176.92267
1414848.0959542384,1309884.6908331122,0.5125841180665474,249999.99999999988,0.5979803056145954,0.5,249999.99999999997,249999.9999999994,70.5717
-682763.625416114,-1054674.1729865428,0.7971338252180752,45478.71513104331,0.8293105531742266,0.5,26637.525475030227,249999.99999999997,115.739235
756352.3532592226,733786.579054256,0.6571068914998087,249999.99999999997,0.8380216050968867,0.9348628515755523,211795.64187500207,249999.99999999997,116.4421
-219041.09069281397,327191.84880903596,1.1687051440582572,208086.0868430607,1.5808330858492934,0.6345960912230794,249999.99999998807,182923.90029879523,177.10376
565449.2191608571,610697.2149926601,1.4565347119803003,249999.99999957636,1.313685098073193,1.5,105070.16767925292,249999.99999999034,138.10858
1204789.5380812427,-1769569.6404218855,0.7932504775289854,128934.67658845315,0.8641753774545132,0.5886473752907775,238038.26375737847,79692.2730829905,-80.67071
-177221.2625323967,-309376.7155786231,2.0294289654885693,127298.08483997177,2.24057310663102,0.5,249999.99999999997,88524.30731077441,-137.79599
1317694.4032281376,-844285.8937048609,0.5030986322474348,128772.34727809917,0.5403337871113623,0.5273261895625617,130591.12552829375,149613.45603338288,-163.60329
191146.37624175102,105352.28894884977,0.6578816723516404,154003.63818557945,0.7700200903735268,0.8079529481385277,75793.00215225789,164834.06063901435,-160.73788
1971623.964303,1415461.7412073659,1.2178435752531327,80813.78633895774,1.3062006702310198,0.6329526756122289,93235.97447969853,230571.35012364257,36.53277
137.5977329351008,119923.37045074394,0.5092248348239281,249999.99999999997,0.5741018516379169,0.5,194248.66569702906,188629.99681206513,139.99377
580087.3305471046,-1337760.728408275,1.0416663443336733,48967.71052718984,1.0727746419610065,0.6200806966463726,42681.85017770576,41570.29996410526,-132.06215
889512.1516132206,-2085386.6843913656,1.1025544208485678,191970.7707692278,1.2087361528145935,0.5,107116.38178976189,50322.87669121549,-59.665943
548093.3786645024,-161892.26583028538,0.3144656590898975,249999.99998326335,0.3314126531064103,0.5,249999.99999999965,249999.99999861652,-131.26552
-492365.2973756548,-501927.97926444,0.5199393542465822,249999.99999995937,0.5405089117058338,0.525809569978349,249999.99999999997,249999.99999999997,-50.40604
546548.1776708951,853611.4851064524,0.5676435230124524,249999.99999999997,0.5621900099362883,0.5372248787646404,249999.9999999997,200280.8292762503,132.26132
517522.49534105463,138759.47265599063,0.5661308407554717,31495.510224191672,0.5866904947984483,1.1246171146043094,25784.700928568658,35530.00533667188,-147.61095
-1466715.1539193895,400851.64732393716,1.5905155077859952,69457.37198775804,1.6380374952029566,0.5,58059.951132589675,80307.49018961383,165.67876
2405553.1568894666,-420612.13855214044,1.5409051117521582,219342.95939508622,2.0783628014176885,0.5,86276.02398165058,249999.99999535712,-6.834979
1751641.9783417042,-797959.4568466186,0.8602685021869367,115166.76280524458,0.9274723124539437,1.5,107884.32766430343,142142.44796114723,-43.758167
1698253.9843951734,-1487106.4028045868,1.3816621387632784,80364.6666921619,1.55571600160849,0.8610585382469784,55008.778359958225,94257.40708710602,-33.578587
1050881.4306658125,-1058802.7281920933,0.7409851345095103,158660.20841528382,0.9059715225790747,1.307974237992337,142797.70439262758,213279.23050265783,-173.9232
-1609215.0242906285,360264.47271866584,1.3111180517930596,76702.42477584891,1.4102130638480253,0.5483429530880575,51304.53771352013,176186.98970725195,-21.35528
1086660.8078502184,722276.2684857347,0.9164665027339155,111356.75023195891,1.0820916611844276,1.040993851622177,215492.60081250934,89387.12416849873,-8.903801
-488278.2380717015,-295054.91532600485,1.2558935979083181,249999.99999999997,1.455251412129449,0.5,224942.13654615733,249999.99999999726,-122.589386
583016.4694334609,-2008966.0693634835,1.8950742827219438,72911.7710200986,2.004344058804749,0.5,53799.1272036132,85768.32470245504,-98.38615
715954.8596839025,1241581.713535008,0.5549080611365969,145226.80847812386,0.6347421513240545,0.5,249999.99999999977,51209.44231862369,-140.38893
342045.72159918863,384994.37035395205,1.3136668077903055,173113.51884003714,1.6073323269162132,0.7411439560840352,214941.34254497557,249999.99999998513,154.83138
421369.47615901334,-1988040.620888399,2.345859395207674,49115.24497219097,2.4314652773472636,0.5,30307.278390168445,57882.061754600894,-35.422478
549693.1093950728,1413613.4763631662,0.623063072579798,76567.02519914221,0.5916811614161049,0.5,53356.477763509865,63513.41027437594,-173.05667
1748372.0005819257,1142048.571613174,1.2256411518290629,79435.4556222359,1.3756975823744773,0.6061880549186845,49201.20323871401,102148.57501464464,-86.566986
-294853.97265333775,1269527.2321110219,0.9882399863929912,121164.57684666883,1.1451234114436268,0.9743650041325892,77280.12530801764,203921.5222551208,-138.53575
-1529654.069576528,107097.33843355346,1.2793361071048017,40458.578133545365,1.2723522626630561,1.057519477620918,23629.16241574727,53624.358282338675,71.666664
-113302.84008842008,894643.5942614907,1.6269330677283893,63392.73864840417,1.7489728403259062,1.5,144888.70483514524,50735.96361688719,150.88318
1202783.6071847202,-92887.55626735557,0.7711666118973898,137880.19782323897,0.8164842405371869,0.5,129197.92217960002,70055.83939638344,-124.81467
2116888.047959596,-472492.87522914726,1.6719164927854,69447.638487362,1.62138987073675,1.025338559891214,88884.12970364814,69365.11435052786,-7.919991
834193.6876560999,1674747.8858545404,1.0895581187682555,82951.56163426542,1.2158272133590156,0.5,72355.96348824482,118181.91904489064,-45.321
694812.3713393202,1464235.330761061,0.6165672280629091,76462.29778241896,0.5863962224031558,0.5,45015.73830977023,77130.35417952432,68.48996
-984163.8898647982,-67315.59076453513,1.6892807369685798,85181.21575013244,1.8314194317515355,0.5,89725.59394140405,105867.8805638799,83.20285
-464044.1944937138,717084.2429382051,1.830657354371292,66105.08182636014,1.9459967964314107,1.5,73909.50474618822,54088.00447089968,-171.4321
996609.3959501637,1650363.6309235422,1.1637136303529956,106921.97902064267,1.289222646704386,0.5,73617.2108574868,249999.99999999974,144.91965
926905.128438645,741775.6104305238,0.74564852273913,202789.80762478602,0.807908631011723,0.5,249999.99999999988,249999.99999802903,-2.214508
1839667.5907977512,-728330.7633832693,1.1749989117226105,136774.56123575132,1.2056391614925503,0.6585518053281899,249999.99999999767,84877.79954740148,-25.460308
-225412.29548560036,516586.9800373786,0.911526888691201,118743.88467490608,0.9769229811222411,0.7729356309379828,71329.31305143489,154378.3186304097,113.420555
1557069.0555786425,-1650671.8523956914,1.200320766352243,183612.21260362718,1.4802362251405907,0.5,198994.33022095283,121218.83931351213,-57.87656
1362227.3471029392,-230873.2216593232,0.7373316121151897,67296.42890034219,0.7879115437873192,1.5,48973.23196011879,199300.79172892246,-81.75624
1843334.370218114,1523099.1068067607,1.163131967995454,100062.95563464414,1.3353800861113851,0.5,82128.50260187278,78814.30542492743,-90.72582
1557619.6768874507,-1129114.9885380287,0.8229504295549825,180378.36342849542,0.9229262264075213,0.5,249999.99999999997,112951.74375452979,-3.9565814
378577.5326561346,506826.6470636339,1.2628578714410645,198713.47722585264,1.664598289397258,0.6450214445293057,184967.12472519276,249999.9999999925,151.247
310780.52408427745,1155863.553243422,0.3487386825072658,249999.99999999997,0.409577624717549,0.5,79253.69858483512,72949.07310487432,-167.66544
770002.1883832766,-1773006.2131715815,1.0502068408987415,51946.85773221949,1.0306387047583843,0.5,64502.5805862779,59749.416117642395,3.9797945
1452359.4387423685,-1929062.625549012,0.6357301624211781,222248.5625447273,0.8254215553426457,0.5,249999.99999999997,145876.75980486398,-107.89786
1082103.2491016276,-913216.2431162708,0.7417864246088666,162018.7385083735,0.9493793280959512,0.670711280235261,124693.43801260684,106609.7341176735,-160.49275
-1288017.284657474,-252554.29624594562,0.7561107113430799,103602.9759691184,0.7826990361637861,0.5,72537.92657989461,144551.6284550083,-150.2731
-485037.4738230272,359626.8212396954,1.8961697949738945,62507.2296752771,2.019911119145858,1.5,68473.53778806707,50372.793860091864,-158.39925
1465747.7863109317,1108897.9404090466,0.8227021304061823,173662.3166616431,0.9920372900039083,0.5,249999.99999999994,87745.93490044144,-56.72426
-669763.3491744865,146859.7326709181,1.4188592331475673,61399.527716895434,1.3500705290803683,0.8716100797457733,76343.64251136505,44803.72639656258,122.61817
2133847.972251337,1418444.2518259035,1.1458902785270146,71423.24016500339,1.2017544429676414,0.9414755410451309,70725.56837036843,105676.99290261616,-83.274124
515560.5974316015,-357244.14980447525,0.51761069148156,108494.44229046143,0.5396120524180363,0.6809210543957634,90566.97870818288,249999.99999999997,-143.21884
-79800.10900572455,429475.51655173115,0.841397389878614,76397.02337048009,0.8048503656850394,1.0604065068592101,97880.45001426178,68757.1440689632,-165.82553
810349.8132492625,-1947153.9375184996,1.1048532369721775,200928.17934904312,1.1935561084464583,0.5,101545.07930364703,78318.26725732075,-73.907524
1222448.9847611794,1082598.1968959337,0.6104639575907376,249999.99999999997,0.7308398097965273,0.5,249999.99999994173,249999.99999995396,-38.0734
853999.9494646522,578640.240307278,0.8654025372376503,249999.9999999957,0.8787776375680102,0.5,249999.999999991,249999.99999999988,34.000725
-366431.61425929656,1404633.9217245104,1.0611209063995055,149392.71572676438,1.2579671595426931,0.5,65149.18674511553,249999.999999953,24.177876
566623.6431669793,273601.7281557387,0.7204807548903942,38443.828927667295,0.7277692715696529,0.9228086162207897,31018.809371105755,67857.70504858396,-162.24454
1131223.0206555817,-398050.98291834444,0.593172832882394,61263.093232845335,0.6119728800855266,1.5,71938.6650878776,61072.92791519285,-130.28793
81220.5631096377,1233813.6661820998,0.7887449030256226,95834.55238251806,0.8049572486524784,0.5,249999.99999999307,43899.54951797894,-178.30545
605726.0925569497,-1855802.8483219957,1.8305529536019443,196341.2815709162,1.977343347735205,0.5,249999.99999999997,249999.99999999945,-134.35793
2072837.9362124996,1278341.0103975441,0.8463245148094022,80569.28684800188,0.8296341013871439,0.5,82042.01811403863,77986.09081424483,5.072043
1893248.7738864897,-1700480.316083354,0.6332895452508939,146410.10050318547,0.7124200219311528,0.5,46299.58631607301,148910.742406106,106.90796
2509668.564237263,-52811.09457571292,0.33441753929952206,42187.62390830887,0.33361547659532903,0.8151018280834416,49861.210383089776,37916.991724866435,25.441698
-836535.3452642998,74935.55616764957,0.9922179145667539,102840.97660580497,0.9415891216198058,0.5,208147.2879555505,50266.73787326082,133.688
2288765.472835579,245477.2830434949,0.3683627544637942,46251.018537346325,0.3756947779928012,0.6049020947347912,58346.8152999156,36709.26222710651,15.3221445
1567587.1440957598,-349781.56086347485,0.6892776215895527,61772.895889273226,0.7487595931524782,1.5,85554.74276831912,62006.08720662245,-54.625294
1549386.8704880895,1502446.8268956654,0.5378081145639723,247345.67793949918,0.6497981411563004,0.5,249999.99999999997,249999.99999998638,126.69167
617578.7448492232,1162311.3314550444,0.5105585846617244,155001.64110678103,0.5914071839262819,0.5,249999.99999984624,141043.52697261996,-168.20235
787906.2645785464,-1218502.450380738,0.4993210166671095,216628.91524247706,0.4991672963929432,0.5,112470.87267212178,138164.14434328955,-174.80736
2029161.678912024,1537075.5774243614,1.3206903439329771,74653.62749879582,1.360245047142157,0.7381700110242981,75503.36410507135,63217.685108460675,-158.27713
2218924.74744602,497906.1370223933,0.31604803129691267,85222.76680033389,0.33007655355254273,0.5,41109.995886604534,249999.99999997352,19.93649
-1259298.5528497822,-837366.3318164102,1.2990644845476935,37878.997983527675,1.3826032445008734,1.1476763980687432,249999.99999999997,40860.977311454255,78.67171
-65382.116266672034,-493908.2370345751,1.6892765044888816,248344.44265919423,2.0730814126065407,0.7332705039179709,231723.17676890056,246472.47553337747,-97.331505
696930.0261975778,-1546923.6253966624,1.021026690720643,45537.460997441245,1.0674171931759437,0.5,67635.12252297385,96218.48423372966,-179.4157
2071874.2229594216,548623.3724064785,0.33198691680625964,89643.95128772891,0.3479476063214093,0.5,249999.99999935302,80304.81818262953,34.385265
499157.4282998843,-883029.8169212751,1.1873076574256665,45664.80013723318,1.20147851490614,0.5884697850712347,17351.07461278292,75808.75160987099,-160.79884
1611831.7584408289,-1438924.0467133073,1.5302137232697461,68089.21351064656,1.5808787564348028,1.5,73003.35713534667,63040.555505253615,-84.04908
-1411751.315005499,62298.556747267954,1.4431880108054826,70609.60247099621,1.4894772038733246,0.6836141784615368,42890.07470331939,116553.55279053994,78.06623
325234.9869135353,855088.6320923995,1.0048033093171937,121536.72562007674,1.0663475672327614,0.6105919162472487,249999.99999999997,82050.9107891626,-172.53731
1545058.7376475036,-909147.2816720796,0.5761604525222254,237436.20953902483,0.671612244713014,0.5,249999.99999997736,236831.50926367287,11.129413
1063554.321632417,1825944.1636036802,0.9770771149910941,47694.61869963984,0.9739953879189509,0.7672865134944877,63324.26675343674,249999.99999999997,106.33768
1931286.4533365034,-1043207.5195742999,0.36146262506638643,55896.55416043066,0.334162263486333,0.7024034079959058,45666.71291131573,73350.30458157214,-22.625467
-658798.6276760134,-945077.3538545193,0.5783692367782275,249999.99999999997,0.6413416246672439,0.5,42909.02881867446,249999.99999999997,80.24755
2173099.310589047,-1062563.4588519176,0.6695536350951765,56749.70582674194,0.6855235211561638,1.492782570386482,92024.53757954286,34801.85008457879,-31.383093
-1099316.4239929626,387557.325093511,0.6278812392159773,70978.0019689499,0.6740571722540264,1.141340987363713,249999.9999997814,55533.2022259929,-111.15411
1302125.7218749179,938697.8690125393,0.8850032133206576,39212.63292257913,0.9373952784847571,1.0922570932451157,37845.74097703913,48081.80277377445,-39.17611
1391189.0095199766,-1689759.2644927285,1.3447103505163158,213515.43543316468,1.6488639070345121,0.540300093729109,205654.2672964723,249999.99999999997,-146.74431
-1371540.5755059693,-816030.0522246128,1.4165171858626868,44025.16973778678,1.4124343838698865,0.724281098258147,127986.26193256125,40742.372538531934,167.35832
-727989.309468112,-1200003.9338668217,1.0018341114764644,29896.488055120048,1.0444606802465042,1.2702544121928936,22235.525658499486,25154.4451572901,-44.611725
-777603.9321222282,-137725.07921568863,1.2682246364710827,94524.88837017426,1.3708177225890639,0.5,67302.59785801459,121103.95808330899,138.893
284718.1734627723,1707367.9348344337,0.5440504018405037,160475.7326347964,0.5573378276749824,0.5,249999.99999999997,78358.06633419044,170.85027
-1816772.6555559908,608712.2641028254,0.9525441792061279,58661.54494498167,0.9632372295006808,0.5,73042.64793496259,127271.60344948542,-172.47818
-141302.43251320487,-669254.415947522,1.0206610336740691,249999.99999999997,1.4520827583845843,1.5,249999.9999999293,249999.99999711008,-38.06512
-1165917.0982100093,-426370.33681052085,0.9425938296985575,213967.0194311481,1.154640327564233,0.5,69328.45098436097,249999.9999999999,-167.8882
1332495.3067654269,1753574.3102750676,0.5247875733801293,185298.47288918056,0.6518232098671058,0.5,161495.02721924003,249999.99999989892,76.510376
1701233.0227571586,-137948.0307287164,0.5366557537740073,212770.50474952123,0.6117770832048495,0.5,120947.91363191658,44981.79439247623,-96.12071
217367.19391343603,449472.33862123033,1.186357439456823,178043.48568346121,1.4824917050015407,0.5533507911966715,240879.89097731363,249999.99999999427,142.49976
-2289826.394894079,1233644.4967784425,1.5995220594324722,60153.94435357924,1.6073140705666489,0.5,19777.30433183533,249999.99999987864,153.50401
1078934.979147736,-1237390.8133474276,0.5865526967905066,83713.26943989018,0.6187817062506709,1.5,249999.99999999997,71457.91627830121,-127.28873
-343120.46142392745,29839.586019263137,1.440281355808786,106296.20968395667,1.604348396398709,0.8167074874128866,114712.30302224058,134650.90070965711,156.2905
211223.2367269164,845065.71553407,0.9680023782744201,80418.29496239092,0.9558717411014531,1.5,59833.44024625399,103060.10792103983,169.19435
219405.79136834433,-643323.307770032,2.374405798247017,33298.733976817304,2.50000929756131,1.5,29656.612374391007,53547.44083019819,40.500645
588036.7420428013,1294718.458185264,0.5413437631694598,72837.02243996158,0.5911850948910515,0.7755147922382359,97485.08024216462,87786.03689416956,-143.30066
-424167.15499676345,1613067.4573070304,1.4116874391743464,67852.50683439168,1.545429424604073,1.1665412714693115,80287.85916819354,53276.0922606907,-171.7783
361990.90557184815,1524203.3188773347,0.3940475654058125,71149.39087612821,0.3805263983352328,0.5,94595.81306468096,49496.75643412075,-162.70187
882567.9208846688,1484819.5893297037,0.949412805220423,48209.84969128451,1.002947397029822,0.9632324157769023,225519.22792099998,69494.53402879431,51.512512
1984002.6189694786,1163164.8588058818,0.9527395857117394,90977.83781600228,0.9440762906603765,0.5,57541.4449352349,94978.45535125211,-20.30725
1641057.812448727,880027.4652822791,1.440661583443498,57173.24764166923,1.5047353163655597,0.6644857610764151,59425.1274691942,72240.43633634562,-29.65104
601764.2170202588,-1493508.58883182,1.1874822231503022,49613.13883077393,1.1702393496602053,0.5207019088748467,41232.86221784118,50859.244435360815,-167.23256
-371874.12742160587,-140580.19238880835,1.9252454766385214,67749.6543380461,1.9667585274020862,0.5,68728.98678287369,249999.99999999738,-42.340435
-2330422.2147457125,1072653.5955195874,1.597292112158877,82884.76642570594,1.6871446536475367,0.5,33579.295802175446,249999.99999984037,-5.0729623
1912079.9471467528,-205561.5583927948,0.5712131477969474,91998.15426584275,0.6133180134523711,0.5,74549.18668260012,114821.57346337344,-20.402195
811072.8779201237,-1561820.4984374207,0.6467448829359539,223721.65314083875,0.773150501197395,0.5,97572.54691128757,249999.99999999494,-160.41713
2277259.1949761007,-747054.9103668616,0.8673023270161956,46634.92151091168,0.8581696691504057,1.5,89245.98981848489,39841.129964320535,-54.972286
689167.0480379784,-143975.00107475324,0.5432490355586751,77369.45600385418,0.5544921360749966,0.5,90332.83413137514,24325.582739343266,-126.53145
-1027393.0483311052,-502925.3994346848,0.7363302986700226,89255.9762496119,0.7175522199464426,0.5,68946.5236095155,107993.55054008265,148.08704
-751380.6270282296,706287.8693739073,0.7934758291041721,119043.64189455094,0.949716246353331,0.5,39065.169327055795,29752.408239714685,-38.0859
1586742.6409575986,726888.7170729828,1.3238673652831776,54319.23317286851,1.432257269021086,0.8428212939454024,62740.8860314274,44654.728711366726,-38.871567
1719148.5144468984,1389900.23190118,1.1008497567486497,170124.37215281423,1.2914650180425662,0.5,151413.98886596967,89941.77505032215,84.07899
1333917.7098031351,-1334945.662368004,1.2638244007851231,95668.02257900653,1.4207357198700357,0.7848122986950113,123194.10176436129,58743.29917679334,-110.46821
326945.7497961847,125604.40342327394,0.6798012343227179,100411.75601541012,0.6233644857769093,0.5845910456874943,54973.72010492767,249999.99999999927,-168.08945
-1216375.5320342164,18295.855167148635,1.8759097267887987,66604.0262289202,2.0306033856848242,0.685774445283659,54401.870809994696,249999.99999999997,-98.55794
1287880.413174455,1364356.7879144736,0.43965991208044036,249999.99999999997,0.5072158948903778,0.5,249999.99999999997,249999.99999999927,43.680614
-846401.4367511817,-236529.89747802867,1.1824738529389456,93455.54522927986,1.1323528448323348,0.5,85849.64370354026,249999.99999999895,-90.55148
1941591.5477311425,-1222616.160615446,0.45511189658751433,24042.819430289743,0.44931591849409797,0.9495847335033197,19923.567332036975,9653.832298510019,-5.9908543
-835259.6463270704,-515410.8152796454,0.3782641261867922,113424.2702541597,0.40058387820114705,0.5,62154.41155840522,123735.69688157877,-32.609444
128628.90392759535,-134797.21334459446,0.456608117612875,179049.72499756658,0.5138127107660919,0.5,71219.28602309273,249999.99999999997,19.15615
583577.8267473904,-1170616.2319226083,1.1778330020138374,64617.4173275804,1.2891341179977178,0.5,39613.0585247282,144322.25012935922,160.68472
695813.436761261,563500.5423248624,1.244154181959404,249999.99999999997,1.13010381144589,0.9852283885276912,21905.92946107448,249999.99999999997,155.91493
2116283.0721433563,842406.0483557913,0.7516995533754637,46991.62594785812,0.7747905635828728,0.5237364832661757,43937.62131610098,40880.634030985144,-61.209995
1243285.8244819753,-1005026.4959354391,0.7849672897038549,194938.1141332702,0.9155013421454838,0.5,249999.9999996288,96900.93238371334,-145.52536
-1291050.9782545886,106148.39239460276,1.6410748099573143,75303.84441596878,1.8088729196703506,0.5135864364490593,66803.54775508182,84933.97102164685,139.81038
807541.3509885194,-292264.6699770773,0.5658770158706932,104828.57588107405,0.6611102534213205,0.6184684363141971,58776.09925777611,249999.99999999942,-119.0692
154671.17354937876,-305448.7592515005,1.1526214093832574,26878.486729239423,0.9285123406958693,1.5,39553.56296248783,249999.99999999997,-120.789085
-483013.0667111436,-756752.3277263376,0.13649858283303018,72454.59460768105,0.13250245775544217,1.5,59405.39806333534,91514.89500273501,140.98311
1063169.2250769194,97189.39856661065,1.0441154988430859,68259.49894604349,1.1022691617603546,0.5,249999.99999999997,48197.764159225975,-32.79335
-397588.4886549739,1040163.5200584633,1.9673153853748195,62809.4635328501,2.1334307612008305,1.5,54258.84945730609,125444.69592492729,-131.53972
1196548.5651113912,277634.7592673646,1.3074330375214571,44194.93398059202,1.3357440567831333,0.5505070685511281,76146.89111166127,70980.6392708957,2.9225225
2434344.0548099615,-125874.72205477767,0.40743419157889244,178253.5276235044,0.40608323663079043,0.5,249999.99999997712,113452.01467767495,-10.14831
1519927.400792447,-1515283.6118972353,1.5896154480077358,89908.4906627622,1.8043410478073794,1.5,249999.99999997838,57460.43188147237,-102.980675
632499.8796267267,720493.9140544152,0.7576601915896378,249999.99999999756,0.8353224015585303,0.6382814659628694,249999.99999999985,249999.99999999776,163.33893
-394743.47632162785,-464269.4839786049,0.8782930086545078,249999.99999999997,1.0719230622463292,1.413951150608849,249999.99999999997,249999.99999999997,83.14606
625173.1307051056,2025334.338070511,1.0858615084229413,113474.0799096166,1.1817172396796058,0.5,50557.58245201036,249999.99999999997,75.12221
1415529.0239803027,707478.2694784435,1.3476804290663285,60989.50139448293,1.4046397168154114,0.5327457517693208,176182.4896853773,42376.53599502076,-6.587662
-745690.7860912145,-241465.3989140098,1.0088843664045557,83023.21807012202,0.9982659764913295,0.5,35692.438649600124,52872.58289379321,-135.37006
-872709.5474684602,-951523.3163180901,0.935831126194589,98847.86915920305,1.0456290222893203,0.5,87677.24211165575,41785.62747075274,-10.40485
2230314.914114327,-217418.27300585713,1.4333244751670031,67209.76466719323,1.5353418779966859,0.9872116219237328,67756.75086669628,65022.58795341806,6.3800178
1723651.0215473594,1634043.7836555708,0.6585901644191293,197494.55410839204,0.7791096255833655,0.5,116604.51021903336,249999.99999999697,54.23954
1083986.1115299854,-1583339.8730702654,0.681724801035466,88090.07412095874,0.6331263175322978,0.8859850035096423,60172.93108609689,70915.75023174104,-104.731834
-1388549.324346666,190151.17015941674,1.6000685118416034,50146.34013943614,1.6629032454293635,1.356682230498711,49792.30939013119,48833.17749408005,48.429962
-134383.67742212676,1945848.5084861573,1.2111276303715965,85733.79106362215,1.340225536046542,0.8465146005617944,74549.04253104182,103594.83738659874,80.438354
1054014.979348638,-68864.2943889047,1.1077439050444773,56673.987709415,1.0873083139787683,0.6766870002458814,62000.954370030944,45546.59383956901,-147.92441
1263706.6959380554,1479018.2815606883,0.5621226219751833,247521.19630715795,0.6327156450837466,0.5,84977.79075666265,249999.99999999997,50.755432
2217266.241759588,74281.73959369445,0.4766772071447781,41117.821817827906,0.4908037892643756,1.0047266985968621,42560.20836667287,23840.707161900686,19.287878
891693.9679953903,-1676896.860322601,0.5339415110946161,94170.49689308483,0.525870093721395,0.5,249999.99999999997,121486.18594639197,-141.81514
363658.3749437523,1390747.2752080532,0.3036294780776071,47408.613494293204,0.30728804555775735,0.5385066553943757,63288.288727184015,28892.47430446603,-164.3273
-798304.4658644674,-360073.75685410434,0.7270014304326716,55468.77219908783,0.6691139080173972,0.5,72610.55759720488,61848.53655691798,-4.164031
1886730.8726248704,1055361.0906759528,1.188029395244142,111927.51041144304,1.3381209709766162,0.5,113289.77601227454,100279.52572777845,-128.46605
2011353.5766595397,67035.96757155517,0.4167805115109909,216648.56550015177,0.4332786696419866,0.5,37972.75581843917,249999.99999999997,14.682074
185419.30530540925,1766629.5641004993,0.8155304268993794,62518.047093244706,0.7907291075940962,0.5,204979.7587719358,171122.75679512048,159.93257
-646137.0560443043,-316793.8085841667,0.8638501710948133,183701.83125370715,0.9124343764601168,0.5,78270.69261125763,249999.99999999997,-133.79665
635086.4375639274,-302599.5672944556,0.6505945612698069,90169.339984955,0.6432153925607881,1.5,81497.51712941406,139613.10787915593,-119.91468
-1343254.5667802303,-662783.1281798962,1.2045099624354574,77541.07985253722,1.3592301160717104,0.5,75314.3948938994,52959.325363540425,40.647724
391384.2778368173,-675925.8543421808,1.356924712283549,205720.47491628616,1.4623619246040915,0.5,249999.99999999497,63340.54974686747,-152.73447
1239835.9556406746,-1594719.6857701333,0.9090287850298198,141688.57850955307,1.0093735846661427,0.6467104488108559,249999.99999999997,92197.57414436505,-94.57805
-1328764.9150557537,-470663.30903090676,1.0081193562598405,60743.53913058563,0.9389698545362146,0.6458435117983101,38302.8596562609,120064.30518299647,173.52538
1590740.5022044377,-734062.6774180359,0.4728465144184562,249999.99999999997,0.5629307732801756,0.5,249999.99999999997,136483.2489194053,6.9792657
-1627219.8061024973,623495.3583824649,1.1433901430819606,37191.087418928146,1.1855111249194379,0.695893808285892,41317.83269135944,28981.707248750605,-108.61077
447993.5276720049,-1410772.245162804,1.2405067635977243,28193.460286981343,1.195168230428534,0.9699318941478755,22393.05442875678,32362.4513939388,178.82689
1445833.7963836594,-829168.3523604809,0.5012753969165131,124204.65123310406,0.5275874811606143,0.5,123918.13507941457,151400.78128331734,18.862213
-629166.2386123324,-179747.05186544405,1.4456275460923471,122433.29926040949,1.4576424036540918,0.5,139104.32759432544,126507.42144403876,-98.79788
767610.4825822641,1345.5415102154948,0.8605805044027045,39613.988572691116,0.8936201710270779,0.652634592813372,31626.753136344225,35033.254782033866,-127.540955
-532500.6952689062,-107553.38654596591,1.8641077915383755,92401.34913712111,2.0113944607166077,0.5,89109.12118812048,106893.3898634705,-109.273094
1935563.411723706,214959.52828985872,0.36576822392308866,249999.99978077703,0.4066684896584798,0.5,41873.12355422933,249999.99999999048,46.626465
92361.80311538512,937936.420694693,1.007558915712795,72481.54772842264,1.0511051712524142,1.5,147781.22731156537,55045.26273929876,-138.958
2556281.797083799,-606976.4096097676,1.19531538031667,249999.99999999997,1.3532235982048468,0.5,249999.99999999997,249999.99999999997,-31.35883
1136778.0821863152,995831.262204471,0.6555622606078347,249999.99999993006,0.750878885288759,0.5,249999.99999999997,249999.99999999997,-40.94134
111399.0055685658,329217.6849608533,1.0382886643891316,148216.45138875043,1.1830143980364416,0.9602046186327924,101411.75779638487,249999.99999685716,170.16826
1646482.3955005528,-1555025.9110494093,1.438108365578463,95685.43556602344,1.7477380871389547,0.7677146868461169,121712.90625977532,127541.3824216837,89.866745
-1684134.4443807215,219353.9466239186,1.0119351969899693,45861.48452010671,1.0940831434640454,1.0366350770770643,78010.28867020443,42293.1734889246,127.69294
-760448.9173232792,-861355.1804487901,0.5316286702664007,249999.99999999997,0.557201304113398,0.5,249999.99999999983,34027.7892507218,4.948231
387281.14472639747,1068664.1516330726,0.3680767424405358,249999.99999999997,0.46617319458748246,0.5,249999.99999999997,249999.99999999997,-170.6809
979039.511237747,-332891.17871881276,0.4420464555661664,249999.99999999997,0.6315323654146379,0.5,216228.20890405035,75819.9404574046,-122.699265
1881275.7345373277,-931054.6602757303,0.6692495709703257,79717.42100036488,0.655777062673127,1.5,248182.7502276812,91001.86486962167,-30.369223
950629.657151266,-1407538.0575514995,0.4548159897168551,249999.99999999997,0.478843794712494,0.5435498732649447,63913.28512089154,249999.99999986577,-116.4828
-563156.5966586946,-1169713.5717137991,0.6545986748613783,30899.077166996787,0.6977295733714439,1.5,41798.4308083825,19466.01503619102,54.443317
416987.88909476344,790669.7710245335,0.945184147915656,135121.30552851525,1.1347084893649761,0.6042253479299896,79338.17280649306,249999.9999998946,179.73543
-870216.1516570821,-84581.05139007187,1.3937878089929248,104421.08679408433,1.5080233072327447,0.5,185236.53827862357,56903.03612255123,97.44093
496341.15945888264,1747401.5621411754,0.9713606023654439,167330.0730258662,1.0936961133978955,0.5,31208.250403524322,249999.99999999997,39.718697
2028110.5004328275,-1133304.3464060342,0.44484072417670234,44474.03801172042,0.47565362031599845,0.6096861016097107,24106.722768152285,82580.99640944159,-17.21533
1696018.945228248,363153.4282106338,0.7155545085494937,173639.8915489377,0.7804203827188277,0.5,140930.82006119515,249999.99999999997,95.861496
1373696.1242446005,-23450.013103162404,0.8267852376019006,97304.84983850633,0.8085200566093222,0.5,55520.366816449874,249999.99999999997,47.877563
2113252.668437712,-807953.6813640902,0.791012514486572,106195.89813919345,0.7564760895532557,0.6544681618508461,90667.38239829802,191316.2998764285,-48.95116
2083361.0872286363,-122740.81511449674,0.6387999714599468,152507.71469703416,0.7280199746163529,0.5,249999.99999999834,69041.88507928773,10.492813
1389998.478550624,-696228.5680138548,0.39294256173240943,152802.05385027794,0.42620608237748797,0.5,93744.02649278319,249999.99999999997,-34.030193
1101157.5056300294,-1947313.240924297,0.8192883457283489,82868.84240482816,0.8684355320589285,0.90855076324835,133956.86332132327,78609.26737667253,-96.552345
1630053.4994546967,464102.203836469,1.2280770969253103,72529.87549813141,1.287642241179278,0.5,249999.99999999997,43891.870674148,109.4705
970966.61032419,-1518750.9430075318,0.5315381194610127,249999.99999999997,0.584442176804475,0.5,54873.86732733581,105952.13642729835,-112.929756
904439.0043048225,-1825050.3022859795,0.7387098504908614,91310.11830274732,0.6925204709114826,0.5,53674.12350529696,106710.59957436618,-64.99691
-1083118.9218950844,253554.08714437252,1.5132496578159178,48678.31162909046,1.554507417717215,1.2590804474289434,41049.12451488897,28044.735374130138,119.92503
2376832.8474918995,171283.74007227458,0.4016285583158988,56966.6828924071,0.44890450688795347,0.5,28434.095517102294,58668.39165384352,-56.043736
1337987.2584294379,-587345.9106950252,0.5023390519312474,55824.76116290528,0.5121878936863441,1.5,48839.214341334824,83189.73989765576,-63.654465
-85965.21074666176,-243292.20336443,1.4048683289454729,65242.105292359855,1.3182270726702998,0.5,146245.73647954213,32047.249972517333,-115.69712
-635385.909816755,1134489.483255242,1.1284025502140504,53261.97830480991,1.1680868230085977,1.5,62153.460149374456,41054.58222536983,-49.969723
-1040105.2244564216,-1096766.8163336068,1.2767908754542494,34272.32104476295,1.2553870163022576,0.5395440718990095,27592.260473435697,31922.15351059403,-137.5654
-214520.5638606879,1526885.0972588696,1.1421459929286664,65649.17094164062,1.1494798749764361,1.0978858434374905,53527.645510596,77986.27620599182,-143.87251
836666.2901706928,-127000.08406477515,0.8199043507492558,40582.17372445489,0.841797034787854,1.0813156067557401,31540.53983415531,35989.64684602694,-126.00625
693633.3053705986,-1046382.5756452954,0.5894498777017345,164100.22657773166,0.6592806186169792,0.5,137761.94319507552,92325.103152065,169.53912
1667483.077126177,35701.33610173175,0.48203919778074067,213748.64237353456,0.5625423533910249,0.5,249999.99999999997,118469.70020966006,59.375202
2320584.2566333935,-312737.2735470538,1.5622997421305618,76677.165554758,1.809976913372746,0.5045333356704446,115790.19105648217,60139.51049651771,-78.97032
199482.85341295786,702203.3434409085,1.0449921942864704,122195.88145976195,1.073238717091492,0.6680080721239942,75775.91802564017,249999.99999999767,170.82985
550109.6637480408,1871641.203885382,1.097649273179113,63613.831874676645,1.1563967139110864,0.5,31962.70596003895,249999.999999828,63.483383
-120405.92671816889,-33345.52721984545,0.6049355874018877,79876.71565142572,0.5619142154599188,0.5,139004.98841129008,63914.84653220805,110.09451
1248426.989423832,464630.7231719191,1.4620878301150404,110634.29777781774,1.6402794376995227,0.5,91916.62187464995,120648.9673968781,17.633324
-375698.2650700123,-620008.0063635167,0.28464017178480344,249999.99999999872,0.31879554301315965,0.8734946597198735,249999.9999996157,249999.99999999997,-163.07079
1337829.124783866,817405.4268904575,1.2386601717646581,47676.295478381166,1.2944437539840123,1.5,74507.608857634,36199.95537309346,-24.978045
2059635.2453487702,992804.232637749,0.870533093811046,51442.25120137529,0.8897837916611693,0.5667191239269982,48875.25052119291,49661.57479675537,-15.009355
1530341.9679832403,-1782315.0640498116,0.8975301221415181,246322.8397835238,1.0533485720701348,0.5,249999.99999999997,249999.99999999485,-109.04521
120764.76335547585,1650553.493313049,0.6079446755411235,42151.39259099695,0.5968663765565744,0.7216000185953301,31059.151456602453,140175.79830276823,141.83826
102342.54005318042,42949.31534597371,0.5341478057773418,129110.98516859124,0.5478863661999724,0.5,79404.16276648245,249999.99999999962,-171.20065
-332152.10205375915,606337.1714999964,1.3784997077163985,203055.13398542753,1.4726198044804826,0.5,66430.04529953151,173638.62346352855,152.45499
1006527.8036717502,1021785.7699348936,0.6643773740085338,88507.26732085389,0.6857833141401978,0.5,45030.74822840897,52341.27588914649,-53.255615
-1627524.061785556,-137330.72263843287,0.6061613691773177,70912.09335946135,0.6329070795421424,0.6906719284064389,44504.740887810505,83492.68242039566,-28.933481
303791.5888093356,1830538.2241207566,0.998609186304398,69663.82504026327,1.0565674605908548,0.5,38028.22905034124,70407.61916648652,87.06367
-202186.51281157136,1372847.9497310668,0.8826763871398161,126834.85252666069,0.8693224990293774,0.5,53902.364070613,195187.49392692975,-125.18569
-164657.0187360812,-407460.2003246234,1.771445976853564,239040.09640363997,2.2265628220849814,0.9307339218189016,136418.53616647678,249999.99999999997,126.18796
761817.041703003,467951.8042466263,1.031732629766566,46610.37056867093,1.0455446897724558,0.5600129406551352,45151.850982305084,62167.49180859345,153.90445
1924634.504935069,515619.1387526272,0.4735134236668691,197768.34467125087,0.49336634505916516,0.5,84141.09924617835,249999.9999999996,94.677025
61203.24931791937,740173.7278765147,0.8932460794487076,79088.8990017041,0.9192668270845656,1.5,54845.69449848813,112902.95806967764,149.09685
464457.75159614114,385576.09033223987,1.0100526731283455,249999.99999993388,1.136797152256055,0.5,249999.99999999997,248637.78265141015,158.42245
1079057.8256462011,910658.2378285704,0.8334753135696633,249999.99999999942,0.9481926374847748,0.5,101982.28758030436,249999.99999999997,-38.133343
-462420.9954479728,1291599.4844820853,1.0510252510795934,113223.79784969523,1.1175597827294694,0.7788290874293997,87937.75512142053,249999.9999999845,47.234997
1256034.31829842,108917.51958791818,1.2918898721760879,49438.781965244045,1.389389170010816,0.5072852168024036,32419.491407177138,109475.36718506376,48.226856
-720424.128209616,-439639.1786003993,0.6024015127848483,65854.4266870389,0.5572347725650432,0.5796930888675433,46878.57934624421,68098.55825399842,-23.232048
328037.9340443476,-380843.82774730027,1.1082012807804658,240600.02271467538,1.2241242742433343,0.5,68252.34478319407,30223.284829101813,-101.41077
-1105505.1571560171,-13255.275454212446,2.049801264291033,83780.16084324657,2.231570506377233,0.5,182137.27228323746,66885.20657557681,178.15984
518452.53164274665,-1844721.6119489316,1.9244740717767441,63105.816886489585,1.9702733489824267,0.5,64755.81039588007,54405.536650191694,11.941398
1620963.5510038882,1186888.6213687072,0.8323667511569824,170342.81971923565,1.0101951729725793,0.5,102488.48431318854,139621.10552393907,165.0151
-212881.7660831334,-170844.79212871008,1.499684021575297,31010.314915087103,1.435157337083654,1.5,29963.00744444554,51517.79522960613,-138.9891
-1176145.0764719485,-644373.837230755,1.0867116766890719,84129.11191540926,1.1015181216537198,0.5,249999.99999999997,106026.1328162755,-28.252644
1643574.4170435127,219862.50993373757,0.6057360460389298,146852.40758229996,0.5926107678051535,0.5,71389.71061156639,249999.999999994,88.38197
1606081.2153552463,-1004590.0364878001,0.6607170579612246,249999.99999998932,0.7673921817639082,0.5,249999.99999999997,215669.30785160433,-23.747606
1902829.094400296,-1367328.922013269,0.5580809818709576,66359.54972066349,0.5224917250952679,0.5,29347.079578219913,57115.85976215377,-63.361225
442193.08630230976,-1628361.5325170315,1.7147141726963468,65758.05961832115,1.7689456562221308,0.5,121279.60249477817,31491.92635302286,136.86192
67008.11692787334,-415389.4881230211,2.2354007237672175,34351.336602988675,2.1583479299431,1.5,249999.99999999997,26125.447775751534,-67.97346
-706382.5048690229,1076933.2002969282,1.1867054384711337,59727.21055574298,1.25176759112211,1.5,50242.048120605126,59319.15936517334,-60.310642
912473.8846764201,1852264.7024467103,1.1412669128483586,105592.25997989191,1.2944856596228693,0.5,249999.99999999997,97280.20753101319,80.96566
1803907.2879217248,1218747.4883731008,1.1739368369903596,85269.08985232294,0.9978829619822747,0.5172867479815291,89741.22023146,249999.99999936268,21.279375
-78751.87478725566,-359691.56571911834,2.0262745127906983,127332.39446791942,2.2113153954962526,0.5,65118.72286595654,249999.99999999886,-95.90307
1655626.0430810712,-1904623.7007008458,0.604542264057927,114475.66313071077,0.6087979587326243,0.5,101656.65708024612,249999.99999944074,-65.949486
915945.3333255919,-1307691.1166537087,0.42623493496468334,249999.99999999994,0.44794673062313217,0.5,242879.6537582507,249999.99999985335,-142.03578
2395122.426911263,-4924.11603746051,0.4074429457672782,49110.48988026761,0.4315708756445771,0.8394745595421722,59492.978389417745,29557.605835642564,20.815542
444251.9029365275,-17036.607429956086,0.3000497845036579,30017.260948119678,0.27178593098216636,1.1296385332425722,26338.43694140388,71881.95737708842,-148.41495
1197951.9688124768,-1474004.554248959,0.7695285773181916,153801.75738700113,0.9313236559259733,0.5,241483.37316251843,103233.90205427728,-119.07499
258007.6374469553,-201076.94628517842,0.3870664975267658,51054.881561181784,0.39323884010141485,1.387858838501948,249999.99999999997,43519.2707017832,-70.36494
484368.691440152,-503667.06845854083,0.709507551276919,130775.21486436563,0.7360788637625728,0.5,36817.393901970485,249999.9999999999,-115.9205
1045924.0573296156,1399037.8693277324,0.8059951613535166,70803.86326800908,0.8881845525512799,0.8047714077443792,46577.56981236722,249999.99999999997,86.38848
-1716771.6145480876,64553.75050317822,0.6707607516520537,88732.24674295848,0.7063995754857846,0.5,70462.37642917887,249999.99999999997,-169.36761
213418.60194122372,205561.46645637462,0.9508619497747132,129152.97469178092,1.0922040565526827,1.5,201631.9997432342,89845.32716035849,104.38707
-915650.3005029391,-383802.09697569534,0.6537979676319197,64028.91075497855,0.6183686960558267,0.6038077044066812,41642.6355193832,131725.98957093502,137.22888
604688.240131937,857.487807254307,0.5347479769486042,33544.10357637795,0.5566698657950848,0.8069695662001253,35206.79394385256,25817.20786992987,-136.05507
1104423.0117440894,-242077.21109317383,0.645719505756279,52909.22571930793,0.6595682023247906,1.5,40436.63104431199,68678.88325375356,-93.79036
313679.36202487955,733663.7025174298,1.1193142792952826,249999.99999999997,1.3275074855246973,0.5,249999.99999999997,231206.71509256007,171.66713
1802577.5185166672,1686139.708975562,0.9526380187552399,108827.89236147601,1.1321958152078992,0.5,101005.2550137562,92847.99886876393,-40.30857
1429288.1786616817,-1216089.6674898337,0.9671401115346732,122303.05528235747,1.0514839260363684,0.8378272569451526,125304.33854767516,65613.57366480793,-105.87732
-785007.1048114137,-766854.7827563896,0.3706602093057368,192166.92236988337,0.3780760203506393,0.5,249999.99999999997,153160.87227961808,-60.556316
-541205.3532411912,-882558.7609391604,0.2696308772437634,63159.69770266695,0.2440545235842435,0.9807720645779485,40928.32147810385,97731.17355942936,-29.451633
165262.8858738579,1335641.4600831764,0.44783246527076603,249999.99999999997,0.5073091979183263,0.5,31443.77028814344,249999.99999997285,-163.4958
-1509939.8350011876,268448.04635347705,1.298108976813412,48494.453496721966,1.412229811901593,1.0750822553203707,67051.9728179811,46039.15438530019,102.57299
-144131.03744022409,1804879.64155785,1.2165131130241416,95024.38655728898,1.3892646148117176,0.6822593863249466,66950.85745409486,249999.99999999997,54.107964
-766696.4630465382,-1080928.9112613797,0.9100652869023075,62490.10649508417,0.9956463062886991,0.5,41107.777365025475,249999.99999999997,-58.446762
-1485572.5613756408,688115.9203403853,1.3500772721094254,38071.53717717526,1.3874306461639552,0.5,46072.98781611718,44375.389210936264,-149.73566
1399609.5502309352,-1517559.5319935991,1.5089574028348207,146973.05019295117,1.7432040620421723,0.6046304493734145,249999.99999999447,249999.99999999974,-110.27859
2268854.1512458334,-974701.3414975512,0.7545261894489518,66148.8926982934,0.7637789978445867,1.098093516681386,249999.99999999997,40732.57590232201,-73.663734
-304382.5284002735,1887354.8095242903,1.140006206422775,77550.46275874274,1.104542468659682,0.8293435532523075,68965.54469420266,82334.64843512325,-167.88498
316339.52850585384,1990664.9399869293,1.0834251257120422,117640.46336109831,1.2479527015075846,0.5050002662191817,180177.8881856278,134742.85594993393,149.90903
1996856.070297354,-836365.5356366457,0.7755771602650867,128019.365561832,0.764564784516778,0.651762267212249,113020.27453346265,213865.31573968622,-44.681423
1243853.7336140992,-1182533.5897212345,0.9164788871805176,139192.77237554797,1.1193057613220556,1.5,188402.39349385732,91034.93714999344,-163.0021
643300.8298099916,375704.4182732138,0.8075566199717313,43373.502822295464,0.8105389774481983,0.8242935239518262,37711.42606265154,98060.26794307458,175.23477
472968.11560901906,1134895.6237994302,0.5136509103378122,249999.99999999997,0.7620164096997287,0.5,26676.998883678723,249999.9999999178,-174.42029
14307.865930914879,846929.6384887733,1.2066641717857556,68817.39397395145,1.2743583893061634,1.5,65340.132556328026,87947.23891287862,154.29063
-1783004.781664246,338792.77286951523,1.0421658935023412,55389.03392378942,1.1032026960575294,0.51640166708188,53053.226488358996,127818.9379036131,37.22908
511623.2356641302,-1039697.8522597426,1.1535086561206103,95772.93559062117,1.2475779621436804,0.5,133612.29138072502,34407.351939974564,138.40317
1979264.439130742,353767.8227680456,0.37049697931929926,125043.20326973859,0.3789881551403509,0.5,129553.27228689427,196774.98078949936,77.32236
385334.2447879277,1618194.984265266,0.46379044425425936,206177.59993873234,0.507985904709434,0.5,249999.9999999997,249999.99999999997,-107.44692
-1871206.949929799,890729.2629777016,1.2472815103001718,38345.11493126818,1.2515058793659375,0.5,37793.29805343155,39764.97475632308,148.73099
1214327.017248379,845820.4416227294,1.044405889961947,107755.94274141816,1.1248222200223001,0.5560652330992343,139233.67991194982,50201.2328662771,-25.922451
1241612.384687595,-721468.3233695822,0.46631230023374715,129839.907841049,0.5065578931554778,0.5,249999.99999999997,249999.99999999997,-136.76436
-1040058.4147164486,-885013.1471465016,1.0885199273947368,52642.55445424452,1.1345989883777252,0.5,37242.4503832825,65438.852678610674,64.705475
-1457394.4346247173,-235724.45349092456,0.6179697965872306,91621.87763628227,0.6555387448521195,0.7460336507557147,78606.73443964307,121048.18700738369,172.13887
877576.9075425668,-1032884.1476555672,0.41492570677789264,77929.16521563305,0.4285813331163358,1.4205821688391953,88901.23614460428,55377.15849829409,-171.7493
1787854.0918308888,-1282564.1967821792,0.695052097741539,62922.22397610017,0.6713003035810466,0.9258847466776374,41267.387011766994,130618.52696296827,-68.30242
1618565.7419857737,1738234.9078161893,0.4432742358625016,241183.31480608266,0.549005365163615,0.5,222501.951700186,249999.99999953783,110.75461
1720121.167535915,-477312.6658781613,0.6271596599868197,249999.99999999997,0.639930748484425,0.629338710604684,249999.99999999997,249999.9999999992,-69.403534
-505680.43622232694,504120.9973801486,1.984090563297209,56787.6563068952,2.074620862997103,1.5,152677.74758748763,52577.47125969378,-165.98671
1814658.5486167567,-352725.4072365663,0.5619719871727862,249999.99999999997,0.6244644924251473,0.7896342181632013,249999.99999999997,249999.99999999994,-78.54245
-339666.0103837163,1744484.625211968,1.240808737100409,86511.28671839477,1.3574688920521298,0.701365942791194,216137.17824000382,55983.48453086636,179.7406
416226.74159979355,-794207.6632050946,1.4358106893470481,36318.28272354824,1.2826631959157548,0.9026972047299453,36707.62171371968,249999.99999999226,-108.53397
938774.2165322909,-179920.96596172778,0.787158668740379,96912.79791563205,0.8500893761608455,0.6209983455808487,61311.61167972636,192768.34016971252,-124.70623
538735.8100412828,515777.55249198666,1.4227749481908256,217906.85928255453,1.6806004659324876,0.9736005267274772,249999.99999999953,249999.99999999997,168.32129
1537665.5031821653,1381414.9209136907,0.710360290637609,249999.99999999997,0.9587726399512955,0.5,209865.388827947,153933.84988374304,84.28169
889771.8379767193,1185337.2015820676,0.6337411753468032,77399.38106975671,0.6386031729261294,0.5,60595.134360647724,249999.99999999997,123.87949
461136.76709544053,1433090.6291709123,0.5031649999764206,64702.204599501914,0.5115419486433044,0.5,26422.276310417026,43822.72920170064,-154.07579
1171930.279910258,-1321084.0572525924,0.8282433501533372,124341.15284051017,0.8386560265385391,0.7839910049370952,81707.15136681986,100020.94982528071,-92.11176
1105078.3360562501,1154088.9161981,0.49370167474038984,113406.00026308761,0.5418001861829607,0.5,249999.99999999997,107098.69113839733,48.63952
-1303356.9695636528,-1011163.5092788842,1.2183264595417131,49700.182156247974,1.207749292232402,0.5845021474371597,20553.35387070875,65214.161526684846,-130.58798
403458.4829818546,-1262857.114479086,1.4082566930849898,47504.88646134591,1.4310587046777388,0.5,37013.12136521663,47059.4778744064,-146.29033
1412366.9807846546,177733.16465660417,1.306282469749273,61458.63817488431,1.422328643587471,0.5048383804572468,46558.47348944666,120424.22420917012,87.82345
1845509.234835743,-1623659.979310744,0.8256503745861877,249999.99999999997,0.9200679588940663,0.5,249999.99999999997,213878.65091095297,-10.535352
400552.3184721633,260164.10898986412,0.8868436280390788,155861.43756171415,0.829994047148362,0.5,219564.29217504177,112262.9172877081,176.86552
680171.8356477567,191405.83920390578,0.7887259424886918,45652.92237598575,0.820170908500701,0.583346355500422,34674.90381771512,30078.972027354466,-139.7885
789369.718671137,-694355.3291677171,0.26958223739017534,218952.94084093432,0.33734649600195793,0.5,249999.99999999962,154128.89386913108,-139.94891
261916.13052310422,-769678.3904650104,2.1643353257716575,96597.17518564682,2.190520550825666,0.5,249999.99999057088,41958.41232446472,-128.73643
1473394.9219415765,923153.6837582774,1.320165051750151,39114.37166523003,1.3785367575108152,0.7496289056495847,64883.912213806805,32495.042533353924,-61.719486
-1561019.6015207989,793509.2756714881,1.2674332456002162,59016.66560418833,1.2891110400979593,0.5,98334.45336178092,41294.02236455944,-154.90018
713934.2965174797,1837413.0497629885,1.0941635669102054,75354.90900763091,1.1873198717617768,0.52920161380821,204154.87895743139,75558.00790780899,51.81294
867698.4850538196,147853.4245157987,1.0176820625661873,55998.47510873702,1.062170461028995,0.5,57886.892350724454,55431.153961494645,-117.5309
-424919.75167184137,866357.946123858,1.9487304668026124,71394.49991146807,2.1715984809432056,1.5,56754.53336572272,249999.99999995963,-129.89272
-924255.2606788618,-1173588.0346070514,1.1836845660613595,23555.334022391045,1.1937293835787113,0.8983493098248714,249999.99999999997,20076.94814068401,-1.824003
1913512.9810976703,-1808947.1413054892,0.4882056478388951,67516.66705918738,0.5263231686127489,0.5,31174.43868266275,244969.38584062722,-55.699142
-492053.5361504555,53273.130545363296,1.9635426551774755,84946.63247421547,2.1583234389239774,0.5,55718.79552201602,240613.3664522445,146.83682
-587441.934814278,-643178.5150038404,0.24055752755285545,79865.73569412979,0.23086405692763395,0.5,57227.06289400205,60575.35556894418,-88.007614
94652.2012906759,1507362.891373259,0.39940732650616445,45301.26201868737,0.4036946237156248,0.7427478593493004,44921.241720554135,49949.79840675949,-159.28624
731743.1166971629,1094439.7536161384,0.5803292925774408,69405.26386805701,0.5772641171381957,0.5062551940983754,249999.99999999997,53440.00183263464,-159.78975
1005192.7320665251,-508977.0123356804,0.2736136582951765,48395.76864011473,0.26859435705551526,1.0864025597142637,35049.228285379715,28614.090035983965,-128.65588
-934652.7064364282,-730393.1373535567,0.5506879448755017,249999.99999999997,0.543475088963749,0.5,249999.99999999997,43902.67772840358,-23.354813
35962.86680154037,434076.4863164583,0.8813997014642745,148735.15402849845,0.9677866197497217,0.5435899363416531,122282.47946690365,249999.99999999997,-171.46431
981694.952327325,283020.71276621986,1.1068626827212684,57310.75189449362,1.0993223714136973,0.5,39517.647718685024,89390.30071503701,54.25739
1751213.2518137116,-1775667.6328960694,0.7241631004614847,249999.99999999997,0.8972578582370813,0.5,40861.26112258149,249999.99999999997,-37.668274
2013722.1274505677,-328047.88813991426,0.823974056316028,31229.313363246132,0.7541129029959543,1.5,37027.99288646087,249999.99999999997,-31.653265
-35884.24058626359,1281502.2330052722,0.8802532759680319,106868.37706093732,0.9913958558171821,0.5,249999.99999688356,101369.02918967513,-173.09473
2500051.220341447,-340400.35950852465,1.286321997957366,178283.47992680417,1.666873537111973,0.5,55036.926512817314,81795.6950387725,-0.5446668
875980.755872474,-1425827.208874772,0.44079433988132516,249999.99999999997,0.5165621414787129,0.5,249999.9999999267,249999.99999999997,-133.71306
-621262.2724793637,-786082.5432244213,0.2502201421869457,136168.29538960443,0.23364420586549864,0.5,162320.2269060769,115062.26302453592,-51.050602
2104915.4587554,217335.3307536994,0.366530707103252,41370.62987049819,0.36508214734601646,0.5188412754265089,39683.31225871504,35751.54267494797,-9.417172
-177795.80325947423,716675.2113788147,1.5169199104964646,68269.59460900241,1.4398300824757702,0.7616545236032837,249999.99999999988,53314.661521873466,150.36441
-146792.37877039518,119057.25585589465,0.7196131115257026,192359.50398162424,0.6974799036736704,0.5,143063.70103429156,249999.99999999997,116.77049
1849359.8650803845,-35587.591701276135,0.5886852233930051,228428.0838593579,0.7782706023838777,0.5,249999.99999999997,215771.32695209296,31.202332
-12941.287469329778,1903703.805560208,1.2704134372368576,66289.73284034515,1.3939554345910279,0.6694307616148162,85666.17660243886,46476.95678191001,126.76605
274265.1190917562,983114.5258784732,0.7692490594204272,102919.8593891255,0.8597144146306148,0.7981262164874839,249999.9999999911,66684.54480252416,-161.37256
-1240808.9459548204,268692.1477898224,1.762776359409048,41965.01269165615,1.9068611876318289,1.5,32540.985433191217,55313.52511307936,55.13718
2387379.3926464254,-670083.5475413394,0.9385569825098642,97318.98960502847,0.9484343850087271,0.5,249999.9999999839,69535.53611384811,-100.102325
-151114.1339054103,1222151.7953897808,1.1703498664745045,98554.35107461766,1.2809038771358143,0.780899558819028,153033.46258255918,112687.59414070642,-143.85583
411150.51280466234,1878319.7121511418,1.0946174001755895,111743.69773819835,1.2928442793661044,0.5,145907.93624261708,88634.97411275287,35.168182
977587.866341793,861182.0583176767,0.7261535716180862,143262.81828793118,0.7514200039743061,0.5,39048.54352996555,249999.99999999997,-32.473534
-314179.58794355625,-305425.35046400176,1.820401722905594,158073.96379905925,2.1804550168848804,0.5,249999.9999999998,92403.14691419517,-175.05382
1034048.1096497215,-1799816.3523315045,0.6479834162631819,69461.28134544478,0.6251716690388114,0.8689620871864283,67051.96339138378,100573.00477864034,-67.013245
855474.3286475949,871774.7596437633,0.579437502061352,84340.17412960717,0.5949061147478697,0.5,249999.99999999997,38371.49993169943,33.16359
1131388.8854682213,-561523.2070370852,0.48854447670133017,72384.95928647358,0.4998202681213053,1.3164561981727172,59091.247512703965,47675.17144796561,-128.85272
-24084.714790996164,295501.0879243561,0.7854569078804198,150848.62117476357,0.8705789247571307,0.6173508942778977,126232.71654306656,249999.99999999997,176.3352
-770207.1374258865,-635142.4300324745,0.3569573961814809,117430.58479281988,0.3832113166608452,0.5,112677.26249836083,79692.65569256814,0.4739119
1166677.5716555594,1728262.320981129,0.6290892040593326,205833.90566080363,0.7724771813913542,0.5,249999.99999999997,159071.34857075664,-78.585464
-834029.5177382985,-1150015.985003979,1.1552156634603654,32115.079701526585,1.2020446175422006,0.773865650200584,20539.00059595431,48731.80775814538,37.10757
1659757.766002356,634148.7754849289,1.3468867752593583,51877.35052300327,1.4525537648539026,0.9846193472645398,42191.40104825314,50945.318013718264,120.754234
460763.66307316953,649899.4495405457,1.2680808173413707,139635.92798917298,1.4628721414615293,0.8897882894800068,81033.03391654407,249999.99999999997,149.10297
2031982.6044513248,-1448423.6453090417,0.4906312961103805,37692.36254310877,0.4876602039483535,0.714769528123407,31901.93131401063,53257.810437841385,-110.0225
307072.6462856685,1297294.3550327392,0.2778351646562794,51684.7602895654,0.26393533502685024,0.5480160130325757,249999.99999999997,29747.50974411267,-166.37129
1355660.7214418808,-1812379.8436056948,0.935150647837967,108619.97140002633,1.0425030332708118,0.5815809632360642,249999.99999999627,88749.55043129862,-119.02203
1521444.4695517905,-543969.0042483499,0.5759398759290205,68179.5330570987,0.6185434194202484,1.5,94543.52457777571,65687.31544522842,-52.607193
2260768.3997759866,-622613.0786354342,1.1395109655561124,118551.56789669018,1.1443524195760861,0.5,88532.74770944285,177839.02484066156,-67.66375
285314.48358412925,606239.3007227201,1.1965143603791317,249999.99785401006,1.4798579978469901,0.5,249999.99999999997,249999.99999999997,152.90115
-297690.90733985323,156879.04233558849,1.3873457186043214,130216.31623953603,1.6306956132361141,0.6347313345314533,249999.99999999936,97558.05295773868,-170.7931
-35731.70250726165,-135992.32582267,0.6091171330722361,98574.24236559148,0.5817564681262729,0.5,249999.99999999997,44124.96009689346,87.25327
849907.0487683127,-417487.64262141706,0.5203407453592918,171645.24671558253,0.5620873494120311,0.6234077160766601,146749.16402649326,249999.99999999997,-128.6851
538710.4156150306,1578215.3293477064,0.49437996076198876,68918.82032847434,0.5074987135154824,0.5,93654.8578197678,249999.9999987663,82.49586
2447096.2493563555,-235399.0870823278,1.1591519808165254,249999.99999999822,1.1614591972755524,0.5,127525.1065264298,249999.99999999997,-18.798014
1351399.7833452662,-1091903.0666155182,0.7915598384940012,188103.26568419515,0.9077118017270034,0.5127666984836956,249999.99999999974,71416.20499247024,-105.41189
1794026.0948382458,-1141473.3625404262,0.37228581974776787,75427.54720300995,0.3478516052427523,0.5,45446.39092311483,58807.226977321094,-2.768558
-980178.6154453536,-205644.39239777578,1.1841992458775417,86797.13773279224,1.2319812712147074,0.5,69498.43631770226,104112.6370371844,-55.044147
-1172359.7786865635,-1070578.0243109092,1.3114731128543349,55043.313773481364,1.3258645376514036,0.5154727010268756,55425.13406763428,31455.771732923302,-47.598373
-479740.0781208342,224498.7439909447,1.9070775247764595,64919.29133692347,2.049388288119463,1.2811791757134217,73463.61507279267,59785.86020892511,73.79055
-542020.1439926983,1436432.929790657,0.7824921561285622,129410.82139916133,0.9130185509108268,0.6350650936697578,148656.20855024035,249999.99904936194,141.4829
59990.37325499533,-575290.9962573345,2.0729367301898476,40819.62587568913,2.164099148280341,1.5,46838.17236925441,29398.448164520876,79.72398
385723.5734531116,-174599.78503469005,0.2990017076365876,146544.24746849737,0.27567861442576813,0.5,218164.49068180358,40089.07983196795,-132.64413
853723.3425757405,1355371.27497702,0.7644128330296855,104892.88645743241,0.7311343168835689,0.5,63343.2418462003,115721.11183220192,53.532974
1870562.9582889564,1354342.2772783386,1.1846537600326401,90873.77161183496,1.3594865658603188,0.5,67383.57958605596,118699.82847202034,-26.650871
-813082.144368099,270656.1639468316,0.9562687174638552,53113.758827436905,0.8508477536505897,0.6081419726682815,52845.60888061687,35847.08207830652,21.153301
1503259.4721173989,-1043392.2752274382,0.6306539034713673,229787.1043020623,0.7694113318024518,0.5,102139.35722452574,249999.9999999945,-9.598666
215172.31733218394,3296.535880571697,0.5825335938470266,93238.58340250672,0.6159755961208979,0.960702726486466,63978.05545642508,249999.99999999997,-177.23244
-1518098.235488764,537495.7741558631,1.319815517716265,48014.08345740824,1.3838355417495916,0.5691049002905006,43365.96948488286,67014.53574842059,31.37248
457432.92007876607,1976034.8428576812,1.2053473057127349,81715.7359530703,1.3346028445160907,0.5,78051.2510064298,249999.99999999997,138.6086
1975116.493107737,-693871.7418364985,1.039824278882531,110400.75311186981,1.1238581673161938,0.9750372232729458,162418.49804740018,161307.33732719635,-35.021458
1584693.0375554413,1021418.5054662852,1.1600691719052347,71317.61474934156,1.283770284633286,0.5336173941329222,32611.139632390456,82913.22020257654,-74.34561
-247573.68865909707,1655923.9565801425,1.1990832486937957,80893.77415907422,1.346046947462753,0.7867688090299115,249999.99999998356,54247.45783349983,153.84816
144955.72204944864,1942675.680898754,1.187940946797373,85276.00487101181,1.2496695554799544,0.5,123987.75669674555,79716.55378269737,-59.78431
974197.8327934556,578377.4150297702,0.9766316891525781,249999.99999999997,1.1587471645208665,0.5,249999.99999615122,148912.64513056545,36.40584
678815.8468210492,-487172.49806023017,0.5071919342098189,106653.56679757251,0.5470023291632253,1.0196198435123562,141507.72902579524,103211.25691808005,-127.96591
2093004.1929221228,-620938.8878114293,1.2026211290345694,110861.8763207303,1.2676111848739442,0.7574591184761903,94965.06094193515,249999.99999999997,-66.17274
1394632.7906388743,1443513.8576036328,0.4570975292541766,235343.9581826232,0.5110691560512662,0.5,73383.14874980989,224387.7320220406,76.75735
1768808.651904732,957704.2934908886,1.3142715788335706,194940.25767944905,1.5414702938254072,0.5,249999.9999999998,249999.99999999985,-99.58157
1091464.0319592822,594864.9261978883,1.230706851986156,216544.16189085468,1.475197761070243,0.5,249999.9999999996,143136.0950203369,30.826859
1793095.967064688,-1457234.1107968695,0.8327654100848001,222190.86534815852,0.9280572867233974,0.5,249999.99999999985,188555.23708423105,-44.603535
1175108.7885788558,589271.9562179348,1.4661137510309854,165866.7242347919,1.6168951204608975,0.5,249999.99999999997,81151.86894688524,33.52841
1701624.958822662,-1161345.084087132,0.6341941782584009,101603.97585147858,0.6676693266022364,0.7011703603156605,69321.1968484875,109485.68129809723,6.5835805
1405783.3953788858,-958009.321065471,0.613529372471768,171359.34599476506,0.6809494263499074,0.5,71316.42802804675,249999.99999996414,-41.11526
1795087.6885867706,111349.71123253927,0.48709412563383636,88444.68931538113,0.45863755695539915,0.5,249999.9999984549,71192.97779911164,60.863804
573736.7419834873,996487.5232051248,0.5244375707805232,249999.99999999997,0.6143293917850386,0.5,249999.99999999997,249999.99999999997,153.12163
1750498.6562882364,753141.498368382,1.3394255261530186,50349.01210175607,1.3669386193550894,1.182975779463504,32233.168294921015,85599.26800873021,-59.338764
933898.5708576413,-1173881.379221642,0.42221980785408014,82542.99879971774,0.43188709921347557,1.08247140780752,158697.34573382977,56253.39591127573,-161.81097
-1874480.6522959857,738845.5236315653,1.1335505655134317,47217.03349936687,1.124522502561122,0.5,52044.35270207855,46673.283714952,30.133062
-276498.46825040644,-528862.510521675,1.037798515796361,249999.99999999997,1.1904847058868502,1.5,249999.99999999994,249999.999999848,-17.96402
1997651.0439996878,-490420.22130581085,1.1518329551937216,108996.33848511947,1.3149398835951362,0.743884107957109,96054.99676759874,42309.31795492273,-54.455265
2309459.6114564873,-454995.40188056184,1.7429961014840878,150913.3890521305,2.1195016083092737,0.5,95621.0962984135,226553.20539234887,18.956879
331683.1885962323,-513075.01110593136,2.0125001994431564,29875.623363751696,2.0367067823901652,1.5,38311.89519707799,22544.608160717624,-106.33422
417768.60426191706,892384.6003911598,0.7654510775850631,212628.6884349271,1.1273639666100144,0.536904404735983,105818.89832015424,113513.02145274519,-171.30867
-48645.481132216286,1086658.490422002,1.577752282874445,71593.18318394864,1.6731544590767777,1.5,86020.13378613311,60120.78857926996,-163.92148
-1215631.2880759938,-117415.72685139859,1.481011629451822,141069.9425832682,1.5590708114231393,0.5,96377.79258276738,240402.5123955945,161.55888
1718756.945319607,-1603752.4530773268,1.0189150540297063,175601.35989737135,1.1841561261876055,0.5,57763.787553043854,249999.99999999997,-39.576714
-1720965.0508477332,811897.8186960067,1.133931417367019,60330.686712691684,1.15551048457545,0.5,43907.148796485664,190830.6005691739,109.57677
1513474.9215343166,536534.422484702,1.4969362021165027,73072.75805939306,1.4773329272431248,0.5,42568.39422037905,72257.62400833037,38.416595
-994697.6415615631,149956.86121042678,1.17970990429348,136413.0588948096,1.2468263794655694,0.5,32270.568044406813,249999.99999999997,66.718
-2089873.7942241523,915860.4856439987,1.3680912751485597,35898.85108234469,1.3894727178924235,0.5,29639.305341433264,37101.91374023991,-114.124954
308964.4019736592,-84124.09541937709,0.36275226915734576,48363.73750848805,0.3697582775963832,1.5,109060.84046743438,29776.346683856304,-69.38023
1844057.287060896,399592.5736457603,0.44260382654862096,225142.98200943472,0.4946835063691704,0.5,176096.9264470562,249999.99999954685,66.680885
2186221.7836192073,-332092.08752234327,1.7595766756360827,78788.63813606302,2.0646053727919282,0.6709849508990555,32407.28481974233,126599.78137229099,-34.64036
